columna,min,max,avg
Final,1.0165,19705.0,2796.7687571428573
Máximo,4.0675,19875.0,3170.1133571428572
Mínimo,1.0165,19675.0,3136.5104714285712
Volumen,1221.0,36129692.0,4252278.514285714
Efectivo,2343.09,145765.44,31767.778
